,calories,cal_fat,total_fat,sat_fat,trans_fat,cholesterol,sodium,total_carb,fiber,sugar,protein,vit_a,vit_c,calcium,restaurant,item
0,380,60,7,2.0,0.0,95,1110,44,3.0,11,37.0,4.0,20.0,20.0,Mcdonalds,Artisan Grilled Chicken Sandwich
1,840,410,45,17.0,1.5,130,1580,62,2.0,18,46.0,6.0,20.0,20.0,Mcdonalds,Single Bacon Smokehouse Burger
2,1130,600,67,27.0,3.0,220,1920,63,3.0,18,70.0,10.0,20.0,50.0,Mcdonalds,Double Bacon Smokehouse Burger
3,750,280,31,10.0,0.5,155,1940,62,2.0,18,55.0,6.0,25.0,20.0,Mcdonalds,Grilled Bacon Smokehouse Chicken Sandwich
4,920,410,45,12.0,0.5,120,1980,81,4.0,18,46.0,6.0,20.0,20.0,Mcdonalds,Crispy Bacon Smokehouse Chicken Sandwich
5,540,250,28,10.0,1.0,80,950,46,3.0,9,25.0,10.0,2.0,15.0,Mcdonalds,Big Mac
6,300,100,12,5.0,0.5,40,680,33,2.0,7,15.0,10.0,2.0,10.0,Mcdonalds,Cheeseburger
7,510,210,24,4.0,0.0,65,1040,49,3.0,6,25.0,0.0,4.0,2.0,Mcdonalds,Classic Chicken Sandwich
8,430,190,21,11.0,1.0,85,1040,35,2.0,7,25.0,20.0,4.0,15.0,Mcdonalds,Double Cheeseburger
9,770,400,45,21.0,2.5,175,1290,42,3.0,10,51.0,20.0,6.0,20.0,Mcdonalds,Double Quarter Pounder® with Cheese
10,380,170,18,4.0,0.0,40,640,38,2.0,5,15.0,2.0,0.0,15.0,Mcdonalds,Filet-O-Fish®
11,620,300,34,13.0,1.5,95,790,48,3.0,11,32.0,10.0,10.0,35.0,Mcdonalds,Garlic White Cheddar Burger
12,530,180,20,7.0,0.0,125,1150,48,3.0,11,42.0,10.0,20.0,35.0,Mcdonalds,Grilled Garlic White Cheddar Chicken Sandwich
13,700,300,34,9.0,0.0,85,1190,67,5.0,11,33.0,10.0,15.0,35.0,Mcdonalds,Crispy Garlic White Cheddar Chicken Sandwich
14,250,70,8,3.0,0.0,30,480,31,2.0,6,13.0,2.0,2.0,4.0,Mcdonalds,Hamburger
15,290,50,5,1.5,0.0,65,630,35,2.0,3,24.0,4.0,6.0,15.0,Mcdonalds,Lobster Roll
16,640,330,36,14.0,1.5,110,1260,40,3.0,10,37.0,6.0,15.0,15.0,Mcdonalds,Maple Bacon Dijon 1/4 lb Burger
17,580,190,21,8.0,0.0,135,1890,50,3.0,14,48.0,4.0,30.0,30.0,Mcdonalds,Grilled Maple Bacon Dijon Chicken Sandwich
18,740,310,35,9.0,0.5,95,1780,69,5.0,14,39.0,4.0,20.0,290.0,Mcdonalds,Crispy Maple Bacon Dijon Chicken Sandwich
19,350,130,15,3.5,0.0,40,600,40,2.0,5,15.0,2.0,2.0,4.0,Mcdonalds,McChicken
20,380,160,18,8.0,1.0,70,840,34,2.0,7,23.0,10.0,2.0,10.0,Mcdonalds,McDouble
21,480,200,22,7.0,0.0,80,870,45,2.0,12,25.0,2.0,2.0,6.0,Mcdonalds,McRib
22,580,300,33,12.0,1.5,95,920,41,4.0,7,29.0,8.0,15.0,15.0,Mcdonalds,Pico Guacamole 1/4 lb Burger
23,520,160,18,6.0,0.0,115,1540,50,4.0,12,40.0,8.0,25.0,30.0,Mcdonalds,Grilled Pico Guacamole Chicken Sandwich
24,680,280,32,7.0,0.0,80,1430,69,6.0,12,31.0,8.0,15.0,30.0,Mcdonalds,Crispy Pico Guacamole Chicken Sandwich
25,570,200,23,5.0,0.0,60,1050,64,4.0,11,28.0,4.0,10.0,20.0,Mcdonalds,Premium Buttermilk Crispy Chicken Deluxe Sandwich
26,530,200,22,4.0,0.0,45,1000,59,3.0,13,25.0,6.0,10.0,20.0,Mcdonalds,Premium Crispy Chicken Deluxe Sandwich
27,530,240,27,13.0,1.5,100,1090,41,3.0,10,31.0,20.0,6.0,15.0,Mcdonalds,Quarter Pounder® with Cheese
28,670,320,35,12.0,1.5,95,1010,56,4.0,13,32.0,20.0,15.0,30.0,Mcdonalds,Signature Sriracha Burger
29,560,180,20,5.0,0.0,115,1550,56,4.0,14,41.0,20.0,25.0,30.0,Mcdonalds,Grilled Signature Sriracha Chicken Sandwich
30,730,300,33,7.0,0.0,80,1430,75,5.0,13,32.0,20.0,20.0,30.0,Mcdonalds,Crispy Signature Sriracha Chicken Sandwich
31,690,340,37,14.0,1.5,110,1310,51,3.0,14,38.0,6.0,15.0,15.0,Mcdonalds,Sweet BBQ Bacon 1/4 lb Burger
32,630,200,22,7.0,0.0,135,1930,61,4.0,18,48.0,4.0,30.0,25.0,Mcdonalds,Grilled Sweet BBQ Bacon Chicken Sandwich
33,800,320,36,9.0,0.5,95,1820,80,5.0,18,39.0,4.0,20.0,30.0,Mcdonalds,Crispy Sweet BBQ Bacon Chicken Sandwich
34,370,190,21,3.5,0.0,70,910,16,0.0,0,28.0,0.0,0.0,2.0,Mcdonalds,3 piece Buttermilk Crispy Chicken Tenders
35,480,250,28,4.5,0.0,95,1290,21,0.0,1,38.0,0.0,0.0,2.0,Mcdonalds,4 piece Buttermilk Crispy Chicken Tenders
36,760,390,44,8.0,0.5,145,1890,32,1.0,1,58.0,0.0,0.0,2.0,Mcdonalds,6 piece Buttermilk Crispy Chicken Tenders
37,1210,630,70,12.0,1.0,240,3230,52,1.0,4,94.0,0.0,0.0,4.0,Mcdonalds,10 piece Buttermilk Crispy Chicken Tenders
38,1510,790,88,15.0,1.0,295,3770,64,1.0,2,115.0,0.0,2.0,6.0,Mcdonalds,12 piece Buttermilk Crispy Chicken Tenders
39,2430,1270,141,24.0,2.0,475,6080,103,2.0,3,186.0,0.0,2.0,8.0,Mcdonalds,20 piece Buttermilk Crispy Chicken Tenders
40,180,100,11,2.0,0.0,30,340,11,1.0,0,10.0,0.0,2.0,0.0,Mcdonalds,4 Piece Chicken McNuggets
41,270,140,16,2.5,0.0,45,510,16,1.0,0,15.0,0.0,2.0,0.0,Mcdonalds,6 Piece Chicken McNuggets
42,440,240,27,4.5,0.0,75,840,26,2.0,0,24.0,0.0,4.0,2.0,Mcdonalds,10 Piece Chicken McNuggets
43,890,480,53,9.0,0.0,145,1680,53,4.0,0,49.0,0.0,8.0,4.0,Mcdonalds,20 Piece Chicken McNuggets
44,1770,960,107,18.0,0.5,295,3370,105,7.0,1,98.0,0.0,15.0,6.0,Mcdonalds,40 piece Chicken McNuggets
45,640,240,27,4.0,0.0,105,1780,63,2.0,35,39.0,4.0,15.0,4.0,Mcdonalds,4 piece Sweet N' Spicy Honey BBQ Glazed Tenders
46,960,360,40,6.0,0.0,160,2670,94,3.0,52,58.0,4.0,25.0,8.0,Mcdonalds,6 piece Sweet N' Spicy Honey BBQ Glazed Tenders
47,1600,600,66,10.0,0.0,265,4450,156,5.0,87,97.0,8.0,40.0,10.0,Mcdonalds,10 piece Sweet N' Spicy Honey BBQ Glazed Tenders
48,140,70,7,0.5,0.0,0,20,13,5.0,7,7.0,180.0,45.0,10.0,Mcdonalds,Premium Asian Salad w/o Chicken
49,270,80,9,1.0,0.0,80,740,18,5.0,10,31.0,180.0,70.0,10.0,Mcdonalds,Premium Asian Salad w/ Grilled Chicken
50,490,250,28,8.0,0.0,95,1120,28,4.0,4,33.0,180.0,60.0,15.0,Mcdonalds,Premium Asian Salad w/ Crispy Chicken
51,190,110,12,5.0,0.0,40,660,9,3.0,3,14.0,180.0,50.0,15.0,Mcdonalds,Premium Bacon Ranch Salad w/o Chicken
52,320,120,14,6.0,0.0,45,1230,9,3.0,4,42.0,180.0,60.0,15.0,Mcdonalds,Premium Bacon Ranch Salad w/ Grilled Chicken
53,490,250,28,8.0,0.0,95,1120,28,4.0,4,33.0,180.0,60.0,15.0,Mcdonalds,Premium Bacon Ranch Salad w/ Crispy Chicken
54,220,90,10,3.5,0.0,15,500,26,6.0,9,8.0,180.0,40.0,20.0,Mcdonalds,Premium Southwest Salad w/o Chicken
55,350,100,12,4.5,0.0,110,1070,27,6.0,9,37.0,180.0,50.0,20.0,Mcdonalds,Premium Southwest Salad w/ Grilled Chicken
56,520,230,25,6.0,0.0,75,960,46,8.0,9,28.0,180.0,40.0,20.0,Mcdonalds,Premium Southwest Salad w/ Crispy Chicken
57,430,144,16,8.0,0.0,85,1120,37,3.0,7,37.0,30.0,40.0,25.0,Chick Fil-A,Chargrilled Chicken Club Sandwich
58,310,54,6,2.0,0.0,55,820,36,3.0,7,29.0,25.0,40.0,10.0,Chick Fil-A,Chargrilled Chicken Sandwich
59,270,99,11,2.5,0.0,45,800,26,1.0,4,16.0,10.0,0.0,2.0,Chick Fil-A,Chick-n-Slider
60,120,54,6,3.0,0.0,25,320,6,0.0,1,11.0,0.0,0.0,2.0,Chick Fil-A,1 Piece Chick-n-Strips
61,230,108,12,3.0,0.0,55,630,13,1.0,1,22.0,0.0,2.0,4.0,Chick Fil-A,2 Piece Chick-n-Strips
62,350,153,17,3.0,0.0,70,940,22,1.0,3,28.0,2.0,2.0,6.0,Chick Fil-A,3 Piece Chick-n-Strips
63,470,207,23,3.0,0.0,90,1250,29,1.0,4,37.0,2.0,4.0,8.0,Chick Fil-A,4 piece Chick-n-Strips
64,500,207,23,7.0,0.0,75,1590,42,3.0,6,31.0,30.0,10.0,20.0,Chick Fil-A,Chicken Deluxe
65,130,54,6,1.5,0.0,40,490,5,1.0,0,14.0,0.0,2.0,2.0,Chick Fil-A,4 piece Chicken Nuggets
66,190,81,9,1.5,0.0,55,730,7,1.0,0,21.0,0.0,4.0,2.0,Chick Fil-A,6 piece Chicken Nuggets
67,260,110,12,3.0,0.0,70,990,9,1.0,1,28.0,0.0,2.0,4.0,Chick Fil-A,8 piece Chicken Nuggets
68,390,162,18,1.5,0.0,115,1460,14,2.0,1,41.0,0.0,8.0,4.0,Chick Fil-A,12 piece Chicken Nuggets
69,970,414,46,2.5,0.0,285,3660,35,4.0,1,103.0,10.0,20.0,10.0,Chick Fil-A,30 piece Chicken Nuggets
70,490,170,19,3.0,0.0,80,1130,55,5.0,12,28.0,35.0,8.0,15.0,Chick Fil-A,Chicken Salad Sandwich
71,440,171,19,4.0,0.0,60,1350,40,2.0,5,28.0,2.0,4.0,15.0,Chick Fil-A,Chicken Sandwich
72,70,18,2,1.0,0.0,35,220,1,0.0,0,13.0,0.0,6.0,0.0,Chick Fil-A,4 Piece Grilled Chicken Nuggets
73,110,27,3,1.0,0.0,50,330,2,0.0,0,19.0,0.0,8.0,0.0,Chick Fil-A,6 Piece Grilled Chicken Nuggets
74,140,36,4,1.0,0.0,70,440,2,0.0,0,25.0,0.0,10.0,2.0,Chick Fil-A,8 piece Grilled Chicken Nuggets
75,210,45,5,1.0,0.0,100,670,3,0.0,1,38.0,0.0,20.0,2.0,Chick Fil-A,12 Piece Grilled Chicken Nuggets
76,430,108,12,4.5,0.0,85,1310,47,5.0,9,33.0,10.0,25.0,25.0,Chick Fil-A,Spicy Grilled Chicken Sub Sandwich
77,450,117,13,6.0,0.0,75,1000,48,4.0,10,34.0,10.0,50.0,25.0,Chick Fil-A,Regular Grilled Chicken Sub Sandwich
78,500,162,18,0.0,0.0,95,1200,46,2.0,10,33.0,45.0,40.0,20.0,Chick Fil-A,Smokehouse BBQ Bacon Sandwich
79,450,171,19,4.0,0.0,60,1620,41,1.0,5,29.0,4.0,2.0,15.0,Chick Fil-A,Spicy Chicken Sandwich
80,540,225,25,8.0,0.0,80,1760,43,2.0,6,34.0,30.0,10.0,30.0,Chick Fil-A,Spicy Deluxe
81,350,126,14,5.0,0.0,60,960,29,15.0,3,37.0,60.0,35.0,35.0,Chick Fil-A,Chargrilled Chicken Cool Wrap
82,860,423,47,16.0,1.0,100,2520,70,2.0,8,39.0,10.0,20.0,30.0,Chick Fil-A,Chicken Enchiladas Meal Kit
83,720,279,31,15.0,0.0,120,1780,65,2.0,7,48.0,10.0,20.0,30.0,Chick Fil-A,Chicken Parmesan Meal Kit
84,710,380,43,17.0,2.0,120,1120,44,2.0,7,35.0,10.0,25.0,30.0,Sonic,Hatch Green Chile Cheeseburger
85,640,330,37,14.0,2.0,100,930,42,2.0,6,31.0,4.0,2.0,20.0,Sonic,Jalapeno Burger
86,340,150,17,6.0,1.0,35,640,34,1.0,6,15.0,2.0,4.0,6.0,Sonic,Jr. Burger
87,410,220,24,9.0,0.5,55,730,32,1.0,4,20.0,7.0,1.0,15.0,Sonic,Jr. Chili Cheeseburger
88,380,200,23,6.0,1.0,40,470,32,1.0,4,15.0,2.0,4.0,6.0,Sonic,Jr. Deluxe Burger
89,450,250,28,9.0,1.0,60,800,33,1.0,4,19.0,6.0,4.0,15.0,Sonic,Jr. Deluxe Cheeseburger
90,600,350,38,16.0,2.0,110,1350,35,1.0,7,31.0,15.0,4.0,25.0,Sonic,Jr. Double Cheeseburger
91,870,530,59,20.0,2.0,140,1350,45,2.0,7,39.0,10.0,8.0,30.0,Sonic,Sonic Bacon Cheeseburger (w/mayo)
92,640,330,37,14.0,2.0,100,790,43,2.0,7,31.0,6.0,8.0,20.0,Sonic,Sonic Burger W/ Mustard
93,650,340,37,14.0,2.0,100,860,46,2.0,10,32.0,8.0,10.0,20.0,Sonic,Sonic Burger W/ Ketchup
94,740,430,48,15.0,2.0,110,760,44,2.0,7,31.0,6.0,8.0,20.0,Sonic,Sonic Burger W/ Mayonnaise
95,710,380,43,17.0,2.0,120,1120,43,2.0,7,35.0,10.0,8.0,30.0,Sonic,Sonic Cheeseburger W/ Mustard
96,720,380,43,17.0,2.0,120,1190,47,2.0,10,35.0,15.0,10.0,30.0,Sonic,Sonic Cheeseburger W/ Ketchup
97,800,480,54,18.0,2.0,130,1090,44,2.0,7,35.0,10.0,8.0,30.0,Sonic,Sonic Cheeseburger W/ Mayonnaise
98,1280,830,92,36.0,4.0,260,1630,44,2.0,7,67.0,15.0,6.0,40.0,Sonic,Super Sonic Bacon Double Cheeseburger (w/mayo)
99,1120,680,76,32.0,4.0,235,1550,44,2.0,8,63.0,15.0,8.0,40.0,Sonic,Super Sonic Double Cheeseburger W/ Mustard
100,1130,680,76,32.0,4.0,235,1620,47,2.0,11,63.0,20.0,10.0,40.0,Sonic,Super Sonic Double Cheeseburger W/ Ketchup
101,1220,780,87,34.0,4.0,245,1520,45,2.0,8,63.0,15.0,8.0,40.0,Sonic,Super Sonic Double Cheeseburger W/ Mayo
102,1120,680,76,32.0,4.0,235,1690,43,2.0,7,63.0,15.0,2.0,40.0,Sonic,Super Sonic Jalapeno Double Cheeseburger
103,450,130,14,4.0,0.0,10,1410,67,5.0,11,15.0,6.0,8.0,25.0,Sonic,Veggie Burger W/ Ketchup
104,450,130,14,4.0,0.0,10,1350,64,5.0,8,15.0,6.0,8.0,27.0,Sonic,Veggie Burger With Mustard
105,450,130,14,4.0,0.0,10,1300,64,5.0,8,15.0,6.0,8.0,25.0,Sonic,Veggie Burger W/ Mustard
106,610,270,30,7.0,0.0,110,1570,44,3.0,8,40.0,11.0,20.0,16.0,Sonic,Grilled Asiago Caesar Chicken Club Sandwich
107,680,350,39,9.0,0.0,80,1120,53,4.0,7,31.0,11.0,7.0,16.0,Sonic,Crispy Asiago Caesar Chicken Club Sandwich
108,430,180,20,4.0,0.0,80,940,33,2.0,6,28.0,6.0,8.0,10.0,Sonic,Grilled Chicken Sandwich
109,570,300,33,5.0,0.0,45,1060,47,4.0,6,23.0,6.0,8.0,10.0,Sonic,Crispy Chicken Sandwich
110,450,220,24,4.0,0.0,35,740,43,1.0,4,19.0,0.0,0.0,4.0,Sonic,Chicken Strip Sandwich
111,280,130,14,2.5,0.0,0,800,16,0.0,0,22.0,10.0,20.0,30.0,Sonic,3 Piece Crispy Chicken Tender Dinner
112,470,220,24,4.5,0.0,0,1340,26,0.0,0,37.0,10.0,20.0,30.0,Sonic,5 Piece Crispy Chicken Tender Dinner
113,740,350,39,8.0,0.0,90,1550,63,4.0,12,33.0,10.0,8.0,15.0,Sonic,Deluxe Ultimate Chicken Sandwich
114,1000,550,61,12.0,0.5,125,4520,70,5.0,12,23.0,10.0,20.0,30.0,Sonic,Buffalo Dunked Ultimate Chicken Sandwich
115,1350,900,100,17.0,0.0,190,2180,69,4.0,10,23.0,10.0,20.0,30.0,Sonic,Garlic Parmesan Dunked Ultimate Chicken Sandwich
116,380,190,22,4.0,0.0,45,1250,27,3.0,1,18.0,0.0,0.0,2.0,Sonic,Small Jumbo Popcorn Chicken
117,560,290,32,6.0,1.0,65,1890,41,5.0,2,27.0,0.0,0.0,4.0,Sonic,Large Jumbo Popcorn Chicken
118,350,150,17,3.0,0.0,45,860,30,2.0,0,21.0,10.0,0.0,2.0,Sonic,Small Spicy Jumbo Popcorn Chicken
119,610,270,30,5.0,0.0,80,1500,51,3.0,0,36.0,17.0,0.0,3.0,Sonic,Large Spicy Jumbo Popcorn Chicken
120,970,410,46,8.0,1.0,55,2160,109,7.0,9,30.0,1.0,6.0,13.0,Sonic,3 Piece Super Crunch Chicken Strip Dinner
121,1080,460,51,9.0,1.0,75,2390,118,8.0,9,37.0,1.0,7.0,13.0,Sonic,4 Piece Super Crunch Chicken Strip Dinner
122,1190,510,57,10.0,1.0,90,2610,126,8.0,9,44.0,2.0,8.0,14.0,Sonic,5 Piece Super Crunch Chicken Strip Dinner
123,330,140,16,3.0,0.0,55,670,25,2.0,0,22.0,1.0,2.0,1.0,Sonic,3 Piece Super Crunch Chicken Strips
124,440,190,21,4.0,0.0,70,900,34,2.0,1,29.0,1.0,2.0,1.0,Sonic,4 Piece Super Crunch Chicken Strips
125,550,240,26,5.0,0.0,90,1120,42,3.0,1,36.0,1.0,3.0,2.0,Sonic,5 Piece Super Crunch Chicken Strips
126,730,350,39,8.0,0.0,90,1540,62,3.0,11,32.0,4.0,2.0,15.0,Sonic,Traditional Ultimate Chicken Sandwich
127,100,580,64,15.0,0.5,100,2070,65,4.0,12,39.0,15.0,8.0,30.0,Sonic,Ultimate Chicken Club
128,370,160,18,7.0,0.0,40,1180,40,1.0,15,12.0,2.0,4.0,8.0,Sonic,"All Beef All-american Style Dog – 6"""
129,430,180,20,7.0,0.0,40,2310,49,1.0,17,14.0,4.0,6.0,10.0,Sonic,"All Beef Chicago Dog – 6"""
130,410,230,26,11.0,0.0,65,1140,30,2.0,4,17.0,10.0,2.0,20.0,Sonic,"All Beef Chili Cheese Coney – 6"""
131,340,170,19,7.0,0.0,40,1250,30,3.0,4,13.0,2.0,10.0,8.0,Sonic,"All Beef New York Dog – 6"""
132,320,160,18,7.0,0.0,40,870,27,1.0,3,11.0,0.0,2.0,8.0,Sonic,"All Beef Regular Hot Dog – 6"""
133,500,240,26,10.0,0.0,50,1410,46,2.0,7,15.0,1.0,3.0,8.0,Sonic,Cheesy Bacon Pretzel Dog - 6 In.
134,210,100,11,4.0,0.0,20,530,23,2.0,4,6.0,0.0,0.0,4.0,Sonic,Corn Dog
135,830,490,54,22.0,1.0,85,1940,54,3.0,9,30.0,15.0,4.0,30.0,Sonic,Footlong Quarter Pound Coney
136,320,160,18,7.0,0.0,35,910,27,1.0,2,11.0,0.0,0.0,4.0,Sonic,The Original Pretzel Dog
137,330,100,11,4.0,0.0,30,920,40,2.0,5,18.0,2.0,0.0,8.0,Arbys,Arby's Melt
138,400,90,10,3.0,0.0,30,1230,58,3.0,23,18.0,4.0,10.0,10.0,Arbys,Arby-Q Sandwich
139,450,180,20,6.0,1.0,50,1280,45,2.0,9,23.0,2.0,2.0,15.0,Arbys,Beef 'n Cheddar Classic
140,630,290,32,11.0,1.5,100,2100,48,2.0,9,39.0,2.0,2.0,15.0,Arbys,Beef 'n Cheddar Mid
141,650,300,33,12.0,1.0,105,1460,51,2.0,15,38.0,10.0,20.0,30.0,Arbys,Bourbon BBQ Brisket Sandwich
142,690,280,31,9.0,0.0,90,1990,66,3.0,16,38.0,10.0,20.0,30.0,Arbys,Bourbon BBQ Chicken Sandwich
143,690,280,31,9.0,0.0,90,1990,66,3.0,16,38.0,10.0,20.0,30.0,Arbys,Bourbon BBQ Steak Sandwich
144,540,220,24,4.5,0.0,60,2110,53,2.0,6,29.0,10.0,20.0,30.0,Arbys,Buttermilk Buffalo Chicken Sandwich
145,650,280,31,9.0,0.0,90,1750,56,2.0,9,39.0,10.0,20.0,30.0,Arbys,Buttermilk Chicken Bacon & Swiss
146,690,310,35,10.0,0.0,110,2000,53,1.0,7,41.0,10.0,20.0,30.0,Arbys,Buttermilk Chicken Cordon Bleu Sandwich
147,550,230,26,4.5,0.0,60,1480,52,2.0,6,29.0,10.0,20.0,30.0,Arbys,Buttermilk Crispy Chicken Sandwich
148,540,210,23,11.0,1.0,85,2500,50,2.0,3,35.0,2.0,8.0,15.0,Arbys,Classic French Dip & Swiss/Au Jus
149,360,120,14,5.0,0.5,50,970,37,2.0,5,23.0,0.0,0.0,6.0,Arbys,Classic Roast Beef
150,510,210,24,9.0,1.5,95,1610,38,2.0,5,38.0,0.0,0.0,6.0,Arbys,Double Roast Beef
151,640,290,32,11.0,0.5,105,1950,46,3.0,4,42.0,10.0,20.0,30.0,Arbys,Fire-Roasted Philly Steak
152,480,220,24,7.0,0.0,65,1610,37,2.0,9,30.0,15.0,10.0,15.0,Arbys,Grand Turkey Club
153,710,390,44,13.0,0.0,75,1360,55,4.0,6,23.0,10.0,20.0,30.0,Arbys,Greek Gyro
154,740,350,39,14.0,2.0,130,2530,48,2.0,9,49.0,10.0,20.0,30.0,Arbys,Half Pound Beef 'n Cheddar Sandwich
155,750,330,36,17.0,2.0,150,3350,51,2.0,3,55.0,10.0,20.0,30.0,Arbys,Half Pound French Dip & Swiss
156,610,270,30,12.0,2.0,130,2040,38,2.0,5,48.0,10.0,20.0,30.0,Arbys,Half Pound Roast Beef Sandwich
157,300,80,9,4.0,0.0,35,1030,37,2.0,6,18.0,2.0,0.0,15.0,Arbys,Ham & Swiss Melt
158,680,360,40,14.0,0.5,100,2270,49,3.0,7,32.0,10.0,20.0,30.0,Arbys,Loaded Italian Sandwich
159,710,410,46,7.0,0.5,65,980,53,4.0,9,22.0,10.0,20.0,30.0,Arbys,Pecan Chicken Salad Flatbread
160,840,400,44,6.0,0.5,75,1210,81,6.0,20,33.0,10.0,8.0,25.0,Arbys,Pecan Chicken Salad Sandwich
161,240,100,11,1.5,0.0,30,640,19,1.0,0,16.0,0.0,0.0,2.0,Arbys,2 piece Prime-Cut Chicken Tenders
162,360,150,17,2.5,0.0,45,950,28,2.0,0,23.0,0.0,4.0,2.0,Arbys,3 piece Prime-Cut Chicken Tenders
163,600,250,28,4.0,0.0,75,1590,47,3.0,0,39.0,0.0,8.0,2.0,Arbys,5 piece Prime-Cut Chicken Tenders
164,680,280,31,8.0,0.5,80,2420,62,4.0,5,37.0,6.0,20.0,35.0,Arbys,Reuben Sandwich
165,550,260,29,7.0,1.0,60,1290,48,3.0,5,24.0,10.0,15.0,10.0,Arbys,Roast Beef Gyro
166,710,260,28,7.0,0.0,65,1930,79,5.0,15,38.0,20.0,10.0,45.0,Arbys,Roast Turkey & Swiss Sandwich
167,520,240,27,9.0,0.0,65,1640,39,4.0,6,30.0,20.0,10.0,35.0,Arbys,Roast Turkey & Swiss Wrap
168,800,310,34,10.0,0.5,80,2420,79,5.0,16,45.0,20.0,10.0,45.0,Arbys,"Roast Turkey, Ranch & Bacon Sandwich"
169,620,310,34,11.0,0.5,85,2130,39,4.0,6,37.0,20.0,10.0,30.0,Arbys,"Roast Turkey, Ranch & Bacon Wrap"
170,740,320,35,13.0,1.0,125,2050,62,4.0,17,43.0,10.0,20.0,30.0,Arbys,Smoke Mountain w/ Beef Short Rib
171,590,250,59,10.0,1.0,75,1510,59,4.0,14,26.0,10.0,20.0,30.0,Arbys,Smokehouse Beef Short Rib Sandwich
172,600,310,35,12.0,1.0,110,1240,42,2.0,7,33.0,4.0,8.0,20.0,Arbys,Smokehouse Brisket
173,430,160,17,5.0,1.0,45,1060,45,3.0,11,23.0,10.0,10.0,8.0,Arbys,Super Roast Beef
174,650,320,36,15.0,1.0,115,1760,44,2.0,9,30.0,10.0,20.0,30.0,Arbys,Three Cheese Steak Sandwich
175,1030,459,51,17.0,1.0,155,2940,83,5.0,19,62.0,10.0,20.0,30.0,Arbys,Triple Decker Sandwich
176,730,252,28,6.0,0.0,65,2140,80,6.0,16,41.0,10.0,20.0,30.0,Arbys,Turkey Avocado Club
177,470,180,20,3.5,0.0,45,1520,48,3.0,5,25.0,10.0,15.0,10.0,Arbys,Turkey Gyro
178,980,495,55,14.0,0.0,85,2130,80,6.0,19,43.0,10.0,20.0,30.0,Arbys,Ultimate BLT
179,290,120,13,2.0,0.0,20,860,31,2.0,2,12.0,10.0,20.0,30.0,Arbys,Buffalo Chicken Slider
180,290,110,12,3.5,0.0,25,720,30,1.0,1,15.0,10.0,20.0,30.0,Arbys,Chicken Tender 'n Cheese Slider
181,220,80,9,3.5,0.0,30,890,21,1.0,1,14.0,10.0,20.0,30.0,Arbys,Corned Beef 'n Cheese Slider
182,210,70,8,3.0,0.0,25,780,21,1.0,2,13.0,10.0,20.0,30.0,Arbys,Ham 'n Cheese Slider
183,240,90,11,4.5,0.0,30,670,21,1.0,1,14.0,10.0,20.0,30.0,Arbys,Jalapeno Roast Beef 'n Cheese Slider
184,300,150,17,6.0,0.0,35,930,23,1.0,2,13.0,10.0,20.0,30.0,Arbys,Pizza Slider
185,240,90,11,4.5,0.0,30,670,21,1.0,1,14.0,10.0,20.0,30.0,Arbys,Roast Beef 'n Cheese Slider
186,200,60,7,2.5,0.0,25,760,21,1.0,2,14.0,10.0,20.0,30.0,Arbys,Turkey 'n Cheese Slider
187,70,45,5,2.5,0.0,15,100,4,1.0,2,5.0,35.0,10.0,10.0,Arbys,Chopped Side Salad
188,430,220,24,8.0,0.0,65,1000,26,4.0,4,28.0,60.0,20.0,25.0,Arbys,Crispy Chicken Farmhouse Salad
189,420,340,37,9.0,0.0,55,700,11,2.0,4,10.0,10.0,20.0,30.0,Arbys,Greek Gyro Salad
190,230,120,13,7.0,0.0,55,870,8,2.0,5,22.0,60.0,20.0,25.0,Arbys,Roast Turkey Farmhouse Salad
191,720,480,53,15.0,0.0,85,1310,39,5.0,7,22.0,10.0,20.0,30.0,Arbys,Super Greek Salad
192,1550,1134,126,47.0,8.0,805,1820,21,3.0,7,134.0,10.0,20.0,30.0,Burger King,American Brewhouse King
193,1000,585,65,24.0,3.0,200,1320,48,2.0,8,56.0,10.0,20.0,30.0,Burger King,Bacon & Swiss Sourdough King
194,330,140,16,7.0,0.0,55,830,32,1.0,7,18.0,10.0,20.0,30.0,Burger King,Bacon Cheeseburger
195,290,120,14,6.0,0.5,40,720,28,1.0,7,12.0,10.0,20.0,30.0,Burger King,Bacon Cheeseburger Deluxe
196,1040,630,48,28.0,2.5,220,1900,48,1.0,10,57.0,10.0,20.0,30.0,Burger King,Bacon King
197,730,351,39,9.0,0.0,90,1930,63,0.0,16,32.0,10.0,20.0,30.0,Burger King,Bacon King Jr
198,1100,675,75,29.0,3.0,220,1850,51,2.0,13,57.0,10.0,20.0,30.0,Burger King,BBQ Bacon King
199,300,130,14,6.0,0.0,45,710,28,1.0,6,16.0,10.0,20.0,30.0,Burger King,Cheeseburger
200,520,280,31,14.0,1.0,105,1180,33,1.0,8,31.0,10.0,20.0,30.0,Burger King,Double Bacon Cheeseburger
201,450,230,26,12.0,1.0,95,960,29,1.0,6,26.0,10.0,20.0,30.0,Burger King,Double Cheeseburger
202,360,160,18,8.0,0.0,70,520,28,1.0,6,22.0,10.0,20.0,30.0,Burger King,Double Hamburger
203,900,486,54,25.0,3.0,210,1740,50,2.0,11,56.0,10.0,20.0,30.0,Burger King,Double Quarter Pound King
204,580,300,33,13.0,1.5,85,1030,45,2.0,9,26.0,10.0,20.0,30.0,Burger King,Extra Long Cheeseburger
205,1220,720,80,28.0,3.0,335,2050,62,2.0,15,23.0,10.0,20.0,30.0,Burger King,Farmhouse King
206,260,90,10,4.0,0.0,35,490,28,1.0,6,13.0,10.0,20.0,30.0,Burger King,Hamburger
207,550,250,27,12.0,1.5,95,1140,48,2.0,10,30.0,10.0,20.0,30.0,Burger King,Homestyle Cheeseburger
208,990,585,65,24.0,3.0,205,1550,46,2.0,7,55.0,10.0,20.0,30.0,Burger King,Jalapeno King Sandwich
209,940,567,63,21.0,2.5,175,1380,45,2.0,8,49.0,10.0,20.0,30.0,Burger King,Mushroom & Swiss King
210,310,110,13,4.0,0.5,25,450,38,1.0,9,9.0,10.0,20.0,30.0,Burger King,Rodeo Burger
211,1250,738,82,31.0,3.5,230,2270,69,3.0,14,60.0,10.0,20.0,30.0,Burger King,Rodeo King
212,730,387,43,16.0,1.5,125,1570,52,2.0,12,35.0,10.0,20.0,30.0,Burger King,Sourdough King Single
213,970,549,61,24.0,3.0,205,1640,52,2.0,12,55.0,10.0,20.0,30.0,Burger King,Sourdough King Double
214,1100,666,74,24.0,1.0,180,1620,59,2.0,13,50.0,10.0,20.0,30.0,Burger King,Steakhouse King
215,770,432,48,16.0,2.0,95,1360,47,2.0,9,29.0,10.0,20.0,30.0,Burger King,Bacon & Cheese Whopper
216,900,510,57,19.0,2.0,140,1050,51,3.0,11,47.0,10.0,20.0,30.0,Burger King,DOUBLE WHOPPER w/o Cheese
217,990,580,65,24.0,2.0,160,1480,53,3.0,11,52.0,10.0,20.0,30.0,Burger King,DOUBLE WHOPPER w/ Cheese
218,660,360,40,12.0,1.5,90,980,49,2.0,11,28.0,10.0,20.0,30.0,Burger King,WHOPPER w/o Cheese
219,760,430,47,16.0,1.0,100,1410,53,3.0,11,33.0,10.0,20.0,30.0,Burger King,WHOPPER w/ Cheese
220,340,170,19,5.0,0.0,40,510,28,2.0,6,14.0,10.0,20.0,30.0,Burger King,WHOPPER JR. w/o Cheese
221,380,210,23,8.0,1.0,55,730,29,2.0,6,16.0,10.0,20.0,30.0,Burger King,WHOPPER JR. w/ Cheese
222,590,360,40,12.0,0.0,150,1540,18,3.0,6,42.0,10.0,20.0,30.0,Burger King,Bacon Cheddar Ranch Chicken Salad w/ grilled Chicken & Dressing
223,720,450,50,13.0,0.0,120,1960,32,5.0,7,36.0,10.0,20.0,30.0,Burger King,Bacon Cheddar Ranch Chicken Salad w/ crispy Chicken & Dressing
224,550,330,37,10.0,0.0,115,1640,17,3.0,5,36.0,10.0,20.0,30.0,Burger King,Chicken BLT Salad w/ Grilled Chicken
225,690,430,48,12.0,1.0,100,1750,31,4.0,8,35.0,10.0,20.0,30.0,Burger King,Chicken BLT Salad w/ Crispy Chicken
226,530,290,32,5.0,0.0,95,1640,26,3.0,6,35.0,10.0,20.0,30.0,Burger King,Chicken Caesar Salad w/ Grilled Chicken
227,670,380,43,7.0,0.0,80,1760,40,5.0,8,34.0,10.0,20.0,30.0,Burger King,Chicken Caesar Salad w/ Crispy Chicken
228,560,270,30,7.0,0.0,90,980,40,4.0,34,29.0,10.0,20.0,30.0,Burger King,"Chicken, Apple & Cranberry Salad w/ Grilled Chicken"
229,700,370,41,9.0,0.0,80,1090,54,5.0,37,28.0,10.0,20.0,30.0,Burger King,"Chicken, Apple & Cranberry Salad w/ Crispy Chicken"
230,320,120,14,6.0,0.0,115,650,16,2.0,4,36.0,10.0,20.0,30.0,Burger King,"Garden Grilled Chicken Salad w/ Grilled Chicken, no dressing"
231,450,220,24,7.0,0.0,85,1070,30,5.0,6,29.0,10.0,20.0,30.0,Burger King,"Garden Grilled Chicken Salad w/ Crispy Chicken, no dressing"
232,220,180,20,4.0,0.0,10,540,7,2.0,3,6.0,10.0,20.0,30.0,Burger King,Side Caesar Salad with dressing
233,230,190,21,5.0,0.0,30,520,7,2.0,3,5.0,10.0,20.0,30.0,Burger King,Side Garden Salad and Avocado Ranch Dressing
234,830,468,52,14.0,0.5,110,2100,57,2.0,9,34.0,10.0,20.0,30.0,Burger King,Bacon Cheddar Ranch Crispy Chicken Sandwich
235,440,243,27,4.5,0.0,15,630,44,2.0,13,7.0,10.0,20.0,30.0,Burger King,BBQ Bacon Crispy Chicken Sandwich
236,530,250,27,4.5,0.0,30,1360,54,2.0,7,17.0,10.0,20.0,30.0,Burger King,Big Fish Sandwich
237,410,150,16,3.0,0.0,5,1030,44,7.0,8,22.0,10.0,20.0,30.0,Burger King,BK VEGGIE Burger
238,480,220,25,2.5,0.0,5,1160,42,2.0,10,22.0,10.0,20.0,30.0,Burger King,Chicken Burger
239,730,351,39,9.0,0.0,90,1930,63,2.0,16,32.0,10.0,20.0,30.0,Burger King,Chicken Cordon Bleu Sandwich
240,290,150,17,3.0,1.5,40,780,18,1.0,1,16.0,10.0,20.0,30.0,Burger King,Chicken Fries
241,190,100,11,2.0,0.0,25,310,10,1.0,0,10.0,10.0,20.0,30.0,Burger King,4 Piece Chicken Nuggets
242,290,150,17,3.0,0.0,40,460,15,1.0,0,15.0,10.0,20.0,30.0,Burger King,6 Piece Chicken Nuggets
243,950,500,55,11.0,0.0,130,1530,50,5.0,0,51.0,10.0,20.0,30.0,Burger King,20 Piece Chicken Nuggets
244,470,260,29,5.0,0.0,50,890,34,5.0,0,21.0,10.0,20.0,30.0,Burger King,Chicken Nuggets (10pc)
245,570,225,25,8.0,0.0,70,1340,57,2.0,9,32.0,10.0,20.0,30.0,Burger King,Chicken Parmesan Sandwich
246,580,252,28,8.0,0.5,70,2310,56,2.0,8,30.0,10.0,20.0,30.0,Burger King,Crispy Buffalo Chicken Melt
247,430,250,28,4.5,0.0,30,760,34,2.0,4,12.0,10.0,20.0,30.0,Burger King,Crispy Chicken Jr.
248,670,370,41,7.0,0.5,60,1070,54,2.0,7,23.0,10.0,20.0,30.0,Burger King,Crispy Chicken Sandwich
249,470,170,19,3.5,0.0,85,850,39,2.0,6,37.0,10.0,20.0,30.0,Burger King,Grilled Chicken Sandwich
250,330,170,19,8.0,1.0,40,980,28,2.0,5,14.0,10.0,20.0,30.0,Burger King,Grilled Chili Cheese Dog
251,310,140,16,6.0,1.0,30,960,32,2.0,10,11.0,10.0,20.0,30.0,Burger King,Grilled Hot Dog
252,300,160,18,3.0,0.0,40,950,19,1.0,1,15.0,10.0,20.0,30.0,Burger King,Jalapeno Chicken Fries
253,630,350,39,7.0,1.0,65,1390,46,3.0,4,24.0,10.0,20.0,30.0,Burger King,Original Chicken Sandwich
254,340,189,21,3.5,0.0,45,1200,21,1.0,1,16.0,10.0,20.0,30.0,Burger King,Pretzel Chicken Fries
255,410,150,17,3.0,0.0,20,870,53,2.0,14,12.0,10.0,20.0,30.0,Burger King,Rodeo Crispy Chicken Sandwich
256,840,459,51,12.0,1.0,95,1760,62,3.0,7,32.0,10.0,20.0,30.0,Burger King,Sourdough Chicken Club
257,210,135,15,3.0,0.0,20,570,11,2.0,0,8.0,10.0,20.0,30.0,Burger King,4 Piece Spicy Chicken Nuggets
258,530,333,37,7.0,0.0,55,1420,28,2.0,0,20.0,10.0,20.0,30.0,Burger King,Spicy Chicken Nuggets
259,410,220,25,4.5,0.0,35,850,35,2.0,5,12.0,10.0,20.0,30.0,Burger King,Spicy Crispy Chicken Jr.
260,700,378,42,7.0,0.0,65,1140,57,3.0,8,25.0,10.0,20.0,30.0,Burger King,Spicy Crispy Chicken Sandwich
261,760,405,45,11.0,0.0,95,1720,58,3.0,8,32.0,10.0,20.0,30.0,Burger King,Spicy Crispy Jalapeno Chicken Sandwich
262,1000,660,74,26.0,2.0,170,1610,40,2.0,9,46.0,25.0,8.0,30.0,Dairy Queen,1/2 lb. FlameThrower® GrillBurger
263,800,460,51,20.0,2.0,135,1280,44,3.0,13,40.0,25.0,6.0,35.0,Dairy Queen,1/2 lb. GrillBurger with Cheese
264,630,330,37,13.0,1.0,95,1250,44,2.0,13,30.0,20.0,6.0,25.0,Dairy Queen,1/4 lb. Bacon Cheese GrillBurger
265,540,270,30,11.0,1.0,70,1020,44,3.0,13,23.0,20.0,6.0,25.0,Dairy Queen,1/4 lb. GrillBurger with Cheese
266,570,310,35,11.0,1.0,75,820,39,2.0,8,24.0,2.0,0.0,25.0,Dairy Queen,1/4 lb. Mushroom Swiss GrillBurger
267,400,160,18,9.0,1.0,65,930,34,1.0,8,19.0,10.0,0.0,10.0,Dairy Queen,Original Cheeseburger
268,630,310,34,18.0,2.0,125,1240,34,1.0,9,34.0,15.0,0.0,20.0,Dairy Queen,Original Double Cheeseburger
269,1030,480,53,9.0,1.0,80,2780,105,9.0,4,35.0,2.0,0.0,10.0,Dairy Queen,4 Piece Chicken Strip Basket w/ Country Gravy
270,1260,590,66,11.0,1.0,120,3500,121,12.0,4,49.0,2.0,0.0,10.0,Dairy Queen,6 Piece Chicken Strip Basket w/ Country Gravy
271,420,240,26,11.0,1.0,60,1140,26,1.0,3,19.0,10.0,20.0,30.0,Dairy Queen,Bacon Cheese Dog
272,390,220,24,11.0,1.0,50,1000,26,1.0,3,16.0,10.0,20.0,30.0,Dairy Queen,Cheese Dog
273,380,220,24,11.0,1.0,55,900,23,1.0,3,16.0,10.0,0.0,15.0,Dairy Queen,Chili Cheese Dog
274,330,180,20,8.0,1.0,40,1050,24,1.0,5,13.0,8.0,0.0,6.0,Dairy Queen,Chili Dog
275,290,160,17,7.0,1.0,35,900,22,1.0,4,11.0,4.0,0.0,6.0,Dairy Queen,Hot Dog
276,350,180,20,8.0,1.0,35,1000,30,1.0,6,13.0,10.0,20.0,30.0,Dairy Queen,Relish Dog
277,310,80,9,3.0,0.0,50,830,41,2.0,9,17.0,10.0,4.0,4.0,Dairy Queen,Barbecue Pork Sandwich
278,250,80,9,1.0,0.0,0,500,36,2.0,1,7.0,0.0,2.0,2.0,Dairy Queen,Breaded Mushrooms
279,550,410,45,25.0,0.0,150,900,0,0.0,0,35.0,30.0,0.0,100.0,Dairy Queen,Regular Cheese Curds
280,1050,670,75,43.0,1.0,180,2210,52,0.0,30,43.0,10.0,20.0,30.0,Dairy Queen,Large Cheese Curds
281,760,440,49,21.0,2.0,100,1570,48,2.0,6,32.0,10.0,20.0,30.0,Dairy Queen,Chili Cheese Mega Dog
282,260,140,15,4.0,0.0,20,450,26,1.0,7,6.0,0.0,4.0,0.0,Dairy Queen,Corn Dog
283,470,200,22,3.0,0.0,20,1210,53,2.0,7,17.0,10.0,2.0,6.0,Dairy Queen,Crispy Fish Sandwich
284,400,160,18,9.0,1.0,65,930,35,1.0,9,20.0,20.0,6.0,10.0,Dairy Queen,Deluxe Cheeseburger
285,640,310,34,18.0,2.0,125,1240,35,1.0,9,34.0,25.0,6.0,20.0,Dairy Queen,Deluxe Double Cheeseburger
286,540,240,26,13.0,1.0,100,750,34,1.0,9,29.0,15.0,6.0,4.0,Dairy Queen,Deluxe Double Hamburger
287,350,130,14,7.0,1.0,50,680,34,1.0,9,17.0,15.0,6.0,4.0,Dairy Queen,Deluxe Hamburger
288,780,430,48,22.0,2.0,150,1390,34,1.0,7,41.0,20.0,6.0,20.0,Dairy Queen,DQ Ultimate® Burger
289,580,310,34,7.0,0.0,45,910,48,2.0,6,19.0,10.0,20.0,30.0,Dairy Queen,Pork Tenderloin Sandwich
290,910,430,48,13.0,0.5,45,2210,95,5.0,2,23.0,10.0,20.0,30.0,Dairy Queen,Steak Finger Basket
291,350,180,20,3.0,0.0,60,960,22,10.0,0,22.0,10.0,20.0,30.0,Dairy Queen,3 chicken strips Chicken Strips
292,500,180,20,8.0,0.0,65,1190,45,3.0,3,33.0,10.0,20.0,30.0,Dairy Queen,Chicken Bacon Ranch Sandwich
293,640,220,25,8.0,0.0,60,1530,68,4.0,3,34.0,10.0,20.0,30.0,Dairy Queen,Chicken Mozzarella Sandwich
294,520,280,31,10.0,0.0,100,1470,25,9.0,6,37.0,10.0,20.0,30.0,Dairy Queen,Crispy Chicken BLT Salad
295,280,120,13,2.0,0.0,40,670,24,9.0,6,17.0,10.0,20.0,30.0,Dairy Queen,Crispy Chicken Garden Greens Salad
296,600,270,30,5.0,0.0,55,1250,59,7.0,8,24.0,10.0,6.0,15.0,Dairy Queen,Crispy Chicken Sandwich
297,350,190,21,5.0,0.0,35,820,30,2.0,1,12.0,10.0,2.0,10.0,Dairy Queen,Crispy Chicken Wrap
298,380,170,19,9.0,0.0,100,1540,11,3.0,6,42.0,10.0,20.0,30.0,Dairy Queen,Grilled Chicken BLT Salad
299,150,20,2,0.5,0.0,40,730,10,3.0,6,23.0,10.0,20.0,30.0,Dairy Queen,Grilled Chicken Garden Greens Salad
300,360,140,15,3.0,0.0,50,1040,32,1.0,5,25.0,10.0,8.0,6.0,Dairy Queen,Grilled Chicken Sandwich
301,280,130,15,4.0,0.0,30,800,22,1.0,1,15.0,10.0,4.0,10.0,Dairy Queen,Grilled Chicken Wrap
302,20,0,0,0.0,0.0,0,15,5,2.0,3,1.0,50.0,30.0,15.0,Dairy Queen,Side Salad
303,550,240,26,8.0,0.0,60,1420,45,3.0,3,30.0,10.0,20.0,30.0,Dairy Queen,Turkey BLT Sandwich
304,320,80,9,4.0,0.0,20,680,43,5.0,6,15.0,8.0,8.0,30.0,Subway,"6"" B.L.T."
305,640,160,18,8.0,0.0,40,1360,86,10.0,12,30.0,16.0,16.0,60.0,Subway,Footlong B.L.T.
306,430,160,18,6.0,0.0,50,590,47,5.0,8,19.0,8.0,20.0,30.0,Subway,"6"" BBQ Rib Sandwich"
307,860,320,36,12.0,0.0,100,1180,94,10.0,16,38.0,16.0,40.0,60.0,Subway,Footlong BBQ Rib Sandwich
308,580,310,31,11.0,0.0,85,1470,47,5.0,7,29.0,10.0,45.0,40.0,Subway,"6"" Big Hot Pastrami"
309,1160,620,62,22.0,0.0,170,2940,94,10.0,14,58.0,20.0,90.0,80.0,Subway,Footlong Big Hot Pastrami
310,500,150,17,9.0,1.0,85,1310,51,6.0,8,38.0,15.0,20.0,50.0,Subway,"6"" Big Philly Cheesesteak"
311,1000,300,34,18.0,2.0,170,2620,102,12.0,16,76.0,30.0,40.0,100.0,Subway,Footlong Big Philly Cheesesteak
312,180,20,3,0.5,0.0,10,450,30,3.0,5,10.0,6.0,15.0,20.0,Subway,Kids Mini Sub Black Forest Ham
313,290,40,5,1.0,0.0,20,830,46,5.0,8,18.0,8.0,20.0,30.0,Subway,"6"" Black Forest Ham"
314,580,80,10,2.0,0.0,40,1660,92,10.0,16,36.0,16.0,40.0,60.0,Subway,Footlong Black Forest Ham
315,330,45,5,1.0,0.0,45,890,45,5.0,7,25.0,8.0,20.0,30.0,Subway,"6"" Carved Turkey"
316,660,90,10,2.0,0.0,90,1780,90,10.0,14,50.0,16.0,40.0,60.0,Subway,Footlong Carved Turkey
317,570,230,26,7.0,0.0,70,1600,46,5.0,8,33.0,10.0,20.0,40.0,Subway,"6"" Carved Turkey & Bacon w/ Cheese"
318,1140,460,52,14.0,0.0,140,3200,92,10.0,16,66.0,20.0,40.0,80.0,Subway,Footlong Carved Turkey & Bacon w/ Cheese
319,570,250,28,10.0,1.0,95,1080,47,5.0,8,35.0,15.0,25.0,50.0,Subway,"6"" Chicken & Bacon Ranch Melt"
320,1140,500,56,20.0,2.0,190,2160,94,10.0,16,70.0,30.0,50.0,100.0,Subway,Footlong Chicken & Bacon Ranch Melt
321,460,140,16,6.0,0.0,80,1140,49,6.0,9,32.0,15.0,30.0,45.0,Subway,"6"" Chicken Pizziola Melt"
322,920,280,32,12.0,0.0,160,2280,98,12.0,18,64.0,30.0,60.0,90.0,Subway,Footlong Chicken Pizziola Melt
323,370,120,13,4.0,0.0,50,1140,46,5.0,7,18.0,10.0,20.0,35.0,Subway,"6"" Cold Cut Combo"
324,740,240,26,8.0,0.0,100,2280,92,10.0,14,36.0,20.0,40.0,70.0,Subway,Footlong Cold Cut Combo
325,470,130,15,4.5,0.0,85,1770,45,7.0,12,39.0,10.0,35.0,20.0,Subway,"6"" Corned Beef Reuben"
326,940,260,30,9.0,0.0,170,3540,90,14.0,24,78.0,20.0,70.0,40.0,Subway,Footlong Corned Beef Reuben
327,410,150,16,6.0,0.0,45,1300,46,5.0,8,20.0,8.0,20.0,30.0,Subway,"6"" Italian B.M.T."
328,820,300,32,12.0,0.0,90,2600,92,10.0,16,40.0,16.0,40.0,60.0,Subway,Footlong Italian B.M.T.
329,550,260,29,10.0,0.0,75,1470,47,5.0,9,26.0,10.0,20.0,40.0,Subway,"6"" Italian Hero"
330,1100,520,58,20.0,0.0,150,2940,94,10.0,18,52.0,20.0,40.0,80.0,Subway,Footlong Italian Hero
331,480,160,18,7.0,1.0,30,950,59,8.0,12,21.0,25.0,35.0,35.0,Subway,"6"" Meatball Marinara"
332,960,320,36,14.0,2.0,60,1900,118,16.0,24,42.0,50.0,70.0,70.0,Subway,Footlong Meatball Marinara
333,320,40,5,2.0,0.0,25,640,47,5.0,8,23.0,8.0,30.0,30.0,Subway,"6"" Oven Roasted Chicken"
334,640,80,10,4.0,0.0,50,1280,44,10.0,16,46.0,16.0,60.0,60.0,Subway,Footlong Oven Roasted Chicken
335,200,25,3,1.0,0.0,25,390,30,4.0,5,14.0,6.0,15.0,20.0,Subway,Kids Mini Sub Roast Beef
336,320,40,5,2.0,0.0,40,700,45,5.0,7,24.0,8.0,20.0,30.0,Subway,"6"" Roast Beef"
337,640,80,10,4.0,0.0,80,1400,90,10.0,14,48.0,16.0,40.0,60.0,Subway,Footlong Roast Beef
338,350,50,6,1.5,0.0,50,540,44,5.0,7,29.0,8.0,20.0,30.0,Subway,"6"" Rotisserie Style Chicken"
339,700,100,12,3.0,0.0,100,1080,88,10.0,14,58.0,16.0,40.0,60.0,Subway,Footlong Rotisserie Style Chicken
340,480,220,24,9.0,1.0,50,1520,46,5.0,8,20.0,8.0,20.0,30.0,Subway,"6"" Spicy Italian"
341,960,440,48,18.0,2.0,100,3040,92,10.0,16,40.0,16.0,40.0,60.0,Subway,Footlong Spicy Italian
342,380,90,10,5.0,0.0,50,1060,48,5.0,8,26.0,10.0,20.0,40.0,Subway,"6"" Steak and Cheese"
343,760,180,20,10.0,0.0,100,2120,96,10.0,16,52.0,20.0,40.0,80.0,Subway,Footlong Steak and Cheese
344,310,40,5,2.0,0.0,40,880,46,5.0,7,23.0,8.0,20.0,30.0,Subway,"6"" Subway Club"
345,620,80,10,4.0,0.0,80,1760,92,10.0,14,46.0,16.0,40.0,60.0,Subway,Footlong Subway Club
346,370,100,11,5.0,0.0,45,1210,47,5.0,8,23.0,10.0,20.0,40.0,Subway,"6"" Subway Melt (includes cheese)"
347,740,200,22,10.0,0.0,90,1420,94,10.0,16,46.0,20.0,40.0,80.0,Subway,Footlong Subway Melt (includes cheese)
348,420,170,19,3.0,0.0,20,690,51,5.0,8,13.0,10.0,20.0,35.0,Subway,"6"" Subway Seafood Sensation"
349,840,340,38,6.0,0.0,40,1380,102,10.0,16,26.0,20.0,40.0,70.0,Subway,Footlong Subway Seafood Sensation
350,380,40,5,1.0,0.0,50,900,59,5.0,18,26.0,8.0,30.0,35.0,Subway,"6"" Sweet Onion Chicken Teriyaki"
351,760,80,10,2.0,0.0,100,1800,118,10.0,36,52.0,16.0,60.0,70.0,Subway,Footlong Sweet Onion Chicken Teriyaki
352,470,210,24,4.0,0.0,30,620,44,5.0,6,20.0,8.0,20.0,30.0,Subway,"6"" Tuna"
353,940,420,48,8.0,0.0,60,1240,88,10.0,12,40.0,16.0,40.0,60.0,Subway,Footlong Tuna
354,390,110,13,3.5,0.0,30,860,49,8.0,7,22.0,10.0,200.0,30.0,Subway,"6"" Turkey & Bacon Avocado"
355,780,220,26,7.0,0.0,60,1720,98,16.0,14,44.0,20.0,400.0,60.0,Subway,Footlong Turkey & Bacon Avocado
356,180,20,2,0.5,0.0,10,380,30,3.0,5,10.0,6.0,15.0,20.0,Subway,Kids Mini Sub Turkey Breast
357,280,30,4,1.0,0.0,20,810,46,5.0,7,18.0,8.0,20.0,30.0,Subway,"6"" Turkey Breast"
358,560,60,8,2.0,0.0,40,1620,92,10.0,14,36.0,16.0,40.0,60.0,Subway,Footlong Turkey Breast
359,280,35,4,1.0,0.0,20,820,46,5.0,8,18.0,8.0,20.0,30.0,Subway,"6"" Turkey Breast & Ham"
360,560,70,8,2.0,0.0,40,1640,92,10.0,16,36.0,16.0,40.0,60.0,Subway,Footlong Turkey Breast & Ham
361,490,210,24,9.0,1.0,50,1480,47,5.0,8,24.0,10.0,20.0,45.0,Subway,"6"" Turkey Italiano Melt (with Provolone)"
362,980,420,48,18.0,2.0,100,2960,94,10.0,16,48.0,20.0,40.0,90.0,Subway,Footlong Turkey Italiano Melt (with Provolone)
363,150,15,2,0.0,0.0,0,190,29,3.0,4,6.0,6.0,15.0,20.0,Subway,Kids Mini Sub Veggie Delite
364,230,20,3,1.0,0.0,0,310,44,5.0,6,8.0,8.0,20.0,30.0,Subway,"6"" Veggie Delite"
365,460,40,6,2.0,0.0,0,620,88,10.0,12,16.0,16.0,40.0,60.0,Subway,Footlong Veggie Delite
366,390,70,7,1.0,0.0,10,800,56,8.0,8,23.0,15.0,20.0,35.0,Subway,"6"" Veggie Patty"
367,780,140,14,2.0,0.0,20,1600,112,16.0,16,46.0,30.0,20.0,70.0,Subway,Footlong Veggie Patty
368,300,80,9,3.0,0.0,60,1120,26,3.0,22,25.0,40.0,40.0,15.0,Subway,Autumn Carved Turkey Salad
369,150,70,8,4.0,0.0,20,420,10,4.0,5,10.0,50.0,50.0,6.0,Subway,B.L.T. Salad
370,400,300,29,11.0,0.0,85,1250,12,4.0,4,23.0,25.0,70.0,10.0,Subway,Big Hot Pastrami Melt Salad
371,330,140,16,8.0,1.0,85,1080,17,5.0,6,32.0,60.0,50.0,25.0,Subway,Big Philly Cheesesteak Salad
372,110,25,3,1.0,0.0,20,590,11,4.0,6,12.0,25.0,45.0,4.0,Subway,Black Forest Ham Salad
373,360,230,26,4.0,0.0,60,1100,13,4.0,6,20.0,50.0,60.0,8.0,Subway,Buffalo Chicken Salad (with Ranch dressing)
374,280,110,12,4.5,0.0,65,1320,11,4.0,5,28.0,50.0,50.0,15.0,Subway,Carved Turkey & Bacon w/ Cheese Salad
375,150,30,4,0.0,0.0,45,680,8,3.0,3,19.0,40.0,40.0,6.0,Subway,Carved Turkey Salad
376,510,340,38,12.0,1.0,100,1040,14,4.0,7,30.0,60.0,60.0,30.0,Subway,Chicken & Bacon Ranch Melt Salad (includes Ranch dressing)
377,180,95,11,4.0,0.0,45,820,12,4.0,5,12.0,50.0,50.0,10.0,Subway,Cold Cut Combo Salad
378,220,35,5,1.5,0.0,100,490,10,4.0,4,36.0,50.0,60.0,8.0,Subway,Double Chicken Salad
379,230,135,15,6.0,0.0,45,1060,12,4.0,6,14.0,50.0,50.0,6.0,Subway,Italian B.M.T.® Salad
380,230,140,15,5.0,0.0,45,1060,13,4.0,8,14.0,40.0,60.0,4.0,Subway,Italian Hero Salad
381,310,150,17,7.0,1.0,30,720,25,6.0,10,16.0,60.0,70.0,10.0,Subway,Meatball Marinara Salad
382,140,25,3,0.5,0.0,50,280,10,4.0,4,19.0,50.0,60.0,8.0,Subway,Oven Roasted Chicken Salad
383,140,30,4,1.0,0.0,40,450,10,4.0,5,18.0,25.0,45.0,4.0,Subway,Roast Beef Salad
384,310,205,23,9.0,1.0,50,1280,11,4.0,6,15.0,50.0,50.0,8.0,Subway,Spicy Italian Salad
385,210,75,8,4.0,0.0,50,830,14,4.0,6,20.0,50.0,50.0,15.0,Subway,Steak & Cheese Salad
386,140,30,4,1.0,0.0,40,640,11,4.0,5,17.0,25.0,45.0,6.0,Subway,Subway Club Salad
387,200,85,10,5.0,0.0,45,910,13,4.0,6,18.0,50.0,50.0,15.0,Subway,Subway Melt® Salad
388,200,25,3,1.0,0.0,50,660,24,4.0,16,20.0,25.0,50.0,6.0,Subway,Sweet Onion Chicken Teriyaki Salad
389,310,215,24,4.0,0.0,40,370,10,4.0,4,15.0,50.0,50.0,6.0,Subway,Tuna Salad
390,110,20,3,1.0,0.0,25,580,11,4.0,5,12.0,25.0,45.0,6.0,Subway,Turkey Breast & Ham Salad
391,110,20,2,1.0,0.0,20,570,11,4.0,5,12.0,25.0,45.0,6.0,Subway,Turkey Breast Salad
392,50,10,1,0.0,0.0,0,65,9,4.0,4,3.0,25.0,45.0,4.0,Subway,Veggie Delite Salad
393,760,330,37,12.0,1.0,100,2250,65,4.0,7,43.0,15.0,45.0,30.0,Subway,Chipotle Southwest Steak & Cheese Wrap
394,730,310,34,10.0,0.5,135,1900,53,3.0,4,55.0,15.0,8.0,45.0,Subway,Rotisserie-Style Chicken Caesar Wrap
395,810,380,42,13.0,0.5,75,2970,62,3.0,6,43.0,10.0,30.0,30.0,Subway,"Turkey, Bacon & Guacamole Wrap"
396,740,230,25,11.0,0.0,50,1270,100,5.0,9,36.0,35.0,30.0,60.0,Subway,Cheese & Veggies Pizza
397,680,200,22,9.0,0.0,40,1070,96,4.0,7,32.0,25.0,4.0,45.0,Subway,Cheese Pizza
398,790,290,32,13.0,0.0,60,1350,96,4.0,8,38.0,30.0,4.0,60.0,Subway,Pepperoni Pizza
399,820,310,34,14.0,0.0,70,1420,97,4.0,8,39.0,30.0,4.0,60.0,Subway,Sausage Pizza
400,540,230,26,7.0,1.0,45,1360,59,7.0,4,19.0,10.0,20.0,30.0,Taco Bell,1/2 lb.* Cheesy Potato Burrito
401,460,170,18,7.0,1.0,45,1320,53,9.0,3,21.0,10.0,20.0,30.0,Taco Bell,1/2 lb.* Combo Burrito
402,510,170,19,7.0,0.0,20,1090,68,11.0,4,16.0,10.0,20.0,30.0,Taco Bell,7-Layer Burrito
403,370,100,11,4.0,0.0,5,960,56,9.0,3,13.0,10.0,20.0,30.0,Taco Bell,Bean Burrito
404,550,200,22,8.0,0.0,35,1270,68,8.0,5,19.0,10.0,20.0,30.0,Taco Bell,Beefy 5-Layer Burrito
405,440,160,18,5.0,0.0,20,1030,55,4.0,3,13.0,10.0,20.0,30.0,Taco Bell,Beefy Fritos® Burrito
406,410,110,12,4.0,0.0,10,1100,62,8.0,3,14.0,10.0,20.0,30.0,Taco Bell,Black Bean Burrito
407,420,140,16,7.0,0.0,35,1090,53,8.0,5,16.0,10.0,20.0,30.0,Taco Bell,Burrito Supreme® – Beef
408,390,110,12,5.0,0.0,40,1050,52,7.0,5,19.0,10.0,20.0,30.0,Taco Bell,Burrito Supreme® - Chicken
409,390,120,13,5.0,0.0,30,1090,52,7.0,5,17.0,10.0,20.0,30.0,Taco Bell,Burrito Supreme® - Steak
410,760,240,27,6.0,0.0,60,1960,96,12.0,7,32.0,10.0,20.0,30.0,Taco Bell,Cantina Power Burrito - Chicken
411,780,250,28,7.0,0.0,50,1900,98,13.0,7,33.0,10.0,20.0,30.0,Taco Bell,Cantina Power Burrito - Steak
412,740,230,26,5.0,0.0,10,1750,107,17.0,8,20.0,10.0,20.0,30.0,Taco Bell,Cantina Power Burrito - Veggie
413,420,160,17,3.5,0.0,0,930,55,6.0,4,11.0,10.0,20.0,30.0,Taco Bell,Cheesy Bean and Rice Burrito
414,380,150,17,8.0,1.0,35,930,41,5.0,2,16.0,10.0,20.0,30.0,Taco Bell,Chili Cheese Burrito
415,610,210,24,9.0,0.0,55,1510,74,5.0,5,25.0,10.0,4.0,35.0,Taco Bell,Chicken Crunchy Cheesy Core Burrito
416,610,220,24,9.0,0.0,50,1520,75,5.0,5,25.0,10.0,4.0,40.0,Taco Bell,Steak Crunchy Cheesy Core Burrito
417,630,240,26,10.0,0.5,45,1530,76,7.0,5,22.0,15.0,4.0,35.0,Taco Bell,Beef Crunchy Cheesy Core Burrito
418,550,260,29,9.0,0.5,50,1130,52,7.0,4,20.0,15.0,6.0,20.0,Taco Bell,Loaded Taco Burrito
419,620,270,30,10.0,0.0,60,1440,64,4.0,4,24.0,10.0,20.0,30.0,Taco Bell,Chicken Quesarito
420,630,280,31,11.0,0.5,65,1410,64,3.0,4,25.0,10.0,20.0,30.0,Taco Bell,Steak Quesarito
421,650,300,34,12.0,0.5,60,1450,65,6.0,5,22.0,10.0,20.0,30.0,Taco Bell,Beef Quesarito
422,400,160,18,4.5,0.0,30,960,45,3.0,3,16.0,10.0,20.0,30.0,Taco Bell,Shredded Chicken Burrito
423,710,320,35,13.0,1.0,75,2260,70,10.0,4,28.0,10.0,20.0,30.0,Taco Bell,Smothered Burrito - Beef
424,650,250,28,10.0,0.0,70,2230,67,8.0,4,34.0,10.0,20.0,30.0,Taco Bell,Smothered Burrito - Shredded Chicken
425,670,260,29,11.0,0.5,80,2080,68,7.0,4,35.0,10.0,20.0,30.0,Taco Bell,Smothered Burrito - Steak
426,540,180,20,8.0,0.0,55,1740,66,5.0,5,24.0,15.0,8.0,35.0,Taco Bell,Chicken Spicy Cheesy Core Burrito
427,550,190,21,9.0,0.0,50,1750,66,5.0,5,24.0,10.0,6.0,35.0,Taco Bell,Steak Spicy Cheesy Core Burrito
428,570,210,23,10.0,0.5,45,1760,68,7.0,5,22.0,15.0,6.0,35.0,Taco Bell,Beef Spicy Cheesy Core Burrito
429,410,140,16,6.0,0.0,30,1030,50,4.0,3,15.0,6.0,2.0,20.0,Taco Bell,Triple Melt Burrito
430,880,380,42,14.0,1.0,75,2020,94,12.0,6,31.0,10.0,20.0,30.0,Taco Bell,XXL Grilled Stuft Burrito - Beef
431,830,320,35,11.0,0.0,85,1940,91,10.0,6,37.0,10.0,20.0,30.0,Taco Bell,XXL Grilled Stuft Burrito - Chicken
432,820,320,36,12.0,1.0,70,2020,91,10.0,7,33.0,10.0,20.0,30.0,Taco Bell,XXL Grilled Stuft Burrito - Steak
433,170,50,6,3.0,0.0,30,460,18,1.0,1,12.0,10.0,20.0,30.0,Taco Bell,Chicken Soft Taco
434,320,120,14,5.0,0.0,25,770,36,6.0,2,13.0,10.0,20.0,30.0,Taco Bell,Cool Ranch® Doritos® Double Decker® Taco
435,160,90,10,3.5,0.0,25,350,13,2.0,1,8.0,10.0,20.0,30.0,Taco Bell,Cool Ranch® Doritos® Locos Taco
436,200,100,12,4.5,0.0,35,370,15,3.0,3,9.0,10.0,20.0,30.0,Taco Bell,Cool Ranch® Doritos® Locos Taco Supreme
437,170,90,10,4.0,0.0,25,290,12,3.0,1,8.0,10.0,20.0,30.0,Taco Bell,Crunchy Taco
438,200,110,12,5.0,0.0,35,320,15,3.0,2,9.0,10.0,20.0,30.0,Taco Bell,Crunchy Taco Supreme®
439,320,120,14,5.0,0.0,25,640,37,7.0,2,13.0,10.0,20.0,30.0,Taco Bell,Double Decker® Taco
440,350,140,16,6.0,0.0,35,670,40,7.0,3,14.0,10.0,20.0,30.0,Taco Bell,DOUBLE DECKER® Taco Supreme®
441,340,160,18,7.0,0.0,35,640,32,4.0,6,12.0,10.0,2.0,15.0,Taco Bell,Spicy Sweet Double Stacked Taco
442,350,180,20,8.0,0.5,40,630,30,4.0,3,13.0,15.0,2.0,20.0,Taco Bell,Cool Ranch Habanero Double Stacked Taco
443,380,170,19,6.0,0.0,35,650,39,5.0,2,13.0,8.0,2.0,20.0,Taco Bell,Nacho Crunch Double Stacked Taco
444,320,120,13,5.0,0.0,25,770,36,7.0,2,14.0,10.0,20.0,30.0,Taco Bell,Fiery Doritos® Double Decker® Taco
445,170,90,10,3.5,0.0,25,370,12,3.0,1,8.0,10.0,20.0,30.0,Taco Bell,Fiery Doritos® Locos Taco
446,200,110,12,5.0,0.0,30,390,15,3.0,2,9.0,10.0,20.0,30.0,Taco Bell,Fiery Doritos® Locos Taco Supreme
447,250,130,14,4.0,0.0,30,550,19,2.0,2,11.0,10.0,20.0,30.0,Taco Bell,Grilled Steak Soft Taco
448,320,120,13,5.0,0.0,25,760,36,7.0,2,14.0,10.0,20.0,30.0,Taco Bell,Nacho Cheese Doritos® Double Decker® Taco
449,170,80,9,4.0,0.0,25,340,13,2.0,1,8.0,10.0,20.0,30.0,Taco Bell,Nacho Cheese Doritos® Locos Tacos
450,200,100,11,5.0,0.0,35,370,15,3.0,2,9.0,10.0,20.0,30.0,Taco Bell,Nacho Cheese Doritos® Locos Tacos Supreme
451,230,100,11,5.0,0.0,35,530,22,3.0,3,10.0,10.0,20.0,30.0,Taco Bell,Soft Taco Supreme® – Beef
452,200,80,9,4.0,0.0,25,510,19,3.0,1,10.0,10.0,20.0,30.0,Taco Bell,Soft Taco-Beef
453,250,120,13,3.0,0.0,10,510,28,3.0,1,6.0,10.0,20.0,30.0,Taco Bell,Spicy Potato Soft Taco
454,340,160,18,4.0,0.0,40,530,29,3.0,4,16.0,10.0,20.0,30.0,Taco Bell,Chalupa Supreme® - Chicken
455,340,170,18,4.0,0.0,30,570,29,3.0,4,14.0,10.0,20.0,30.0,Taco Bell,Chalupa Supreme® - Steak
456,370,190,21,5.0,0.0,30,570,31,4.0,4,13.0,10.0,20.0,30.0,Taco Bell,Chalupa Supreme®–Beef
457,600,310,35,8.0,0.5,50,1010,50,6.0,5,21.0,15.0,4.0,15.0,Taco Bell,Double Chalupa
458,420,250,28,6.0,0.0,65,1070,23,4.0,2,19.0,6.0,4.0,6.0,Taco Bell,Wild Naked Chicken Chalupa
459,440,270,30,7.0,0.0,70,1090,22,3.0,1,20.0,6.0,4.0,6.0,Taco Bell,Mild Naked Chicken Chalupa
460,600,310,35,8.0,0.5,50,1240,52,7.0,5,21.0,15.0,8.0,15.0,Taco Bell,Spicy Double Chalupa
461,350,80,9,3.0,0.0,0,950,57,9.0,3,11.0,10.0,20.0,30.0,Taco Bell,Fresco Bean Burrito
462,340,80,8,3.0,0.0,25,1020,50,7.0,4,17.0,10.0,20.0,30.0,Taco Bell,Fresco Burrito Supreme® – Chicken
463,340,80,9,3.0,0.0,15,1060,50,7.0,4,15.0,10.0,20.0,30.0,Taco Bell,Fresco Burrito Supreme® – Steak
464,150,35,4,1.0,0.0,25,460,18,2.0,2,11.0,10.0,20.0,30.0,Taco Bell,Fresco Chicken Soft Taco
465,140,70,8,2.0,0.0,20,290,13,3.0,1,6.0,10.0,20.0,30.0,Taco Bell,Fresco Crunchy Taco
466,150,35,4,2.0,0.0,15,500,19,2.0,2,9.0,10.0,20.0,30.0,Taco Bell,Fresco Grilled Steak Soft Taco
467,170,60,7,3.0,0.0,20,500,20,3.0,2,8.0,10.0,20.0,30.0,Taco Bell,Fresco Soft Taco
468,490,260,29,10.0,1.0,55,810,39,5.0,6,20.0,10.0,20.0,30.0,Taco Bell,Cheesy Gordita Crunch
469,490,250,28,10.0,1.0,55,890,40,5.0,5,20.0,10.0,20.0,30.0,Taco Bell,Doritos® Cheesy Gordita Crunch - Cool Ranch
470,490,250,28,10.0,1.0,55,890,40,5.0,4,20.0,10.0,20.0,30.0,Taco Bell,Doritos® Cheesy Gordita Crunch - Fiery
471,490,250,28,10.0,1.0,55,880,40,5.0,5,20.0,10.0,20.0,30.0,Taco Bell,Doritos® Cheesy Gordita Crunch - Nacho Cheese
472,570,290,32,12.0,1.0,70,1110,44,7.0,5,25.0,15.0,2.0,30.0,Taco Bell,Double Cheesy Gordita Crunch
473,300,120,14,5.0,0.0,30,550,31,4.0,6,13.0,10.0,20.0,30.0,Taco Bell,Gordita Supreme® – Beef
474,270,90,10,4.0,0.0,40,510,29,2.0,6,16.0,10.0,20.0,30.0,Taco Bell,Gordita Supreme® - Chicken
475,270,90,11,4.0,0.0,30,550,29,2.0,6,14.0,10.0,20.0,30.0,Taco Bell,Gordita Supreme® - Steak
476,710,360,41,6.0,0.0,30,1420,73,10.0,4,13.0,10.0,4.0,8.0,Taco Bell,Nacho Fries Bellgrande
477,760,360,39,6.0,0.0,30,1100,82,13.0,5,18.0,10.0,20.0,30.0,Taco Bell,Nachos BellGrande®
478,430,210,23,5.0,0.0,30,690,44,7.0,3,12.0,10.0,20.0,30.0,Taco Bell,Nachos Supreme
479,320,140,15,1.5,0.0,0,600,41,6.0,2,7.0,10.0,20.0,30.0,Taco Bell,Triple Layer Nachos
480,260,140,16,4.5,0.0,30,550,19,3.0,1,10.0,6.0,0.0,10.0,Taco Bell,Triple Melt Nachos
481,410,170,19,6.0,0.0,25,960,46,4.0,3,14.0,10.0,20.0,30.0,Taco Bell,Beefy Cheddar Crunchwrap Slider
482,210,110,12,4.0,0.0,25,560,17,3.0,1,9.0,10.0,20.0,30.0,Taco Bell,Beefy Mini Quesadilla
483,420,170,19,4.5,0.0,20,870,49,5.0,3,12.0,10.0,20.0,30.0,Taco Bell,Beefy Nacho Griller
484,430,210,23,5.0,0.0,20,900,43,3.0,4,12.0,10.0,20.0,30.0,Taco Bell,BLT Crunchwrap Slider
485,560,200,22,4.0,0.0,60,1520,64,9.0,4,26.0,10.0,20.0,30.0,Taco Bell,Cantina Power Bowl - Chicken
486,580,210,23,4.0,0.0,50,1460,66,10.0,4,27.0,10.0,20.0,30.0,Taco Bell,Cantina Power Bowl - Steak
487,540,190,21,3.0,0.0,10,1310,75,14.0,4,14.0,10.0,20.0,30.0,Taco Bell,Cantina Power Bowl - Veggie
488,480,240,27,11.0,1.0,50,1000,40,4.0,3,19.0,10.0,20.0,30.0,Taco Bell,Cheese Quesadilla
489,190,80,9,5.0,0.0,20,450,18,2.0,1,9.0,10.0,20.0,30.0,Taco Bell,Cheese Roll-Up
490,520,250,28,12.0,1.0,75,1210,41,4.0,3,27.0,10.0,20.0,30.0,Taco Bell,Chicken Quesadilla
491,620,340,37,8.0,0.0,50,1290,53,4.0,4,17.0,8.0,6.0,15.0,Taco Bell,Chickstar
492,380,150,17,8.0,1.0,35,930,41,5.0,2,16.0,10.0,20.0,30.0,Taco Bell,Chili Cheese Burrito
493,290,170,18,3.0,0.0,25,640,22,1.0,1,9.0,10.0,20.0,30.0,Taco Bell,Chipotle Crispy Chicken Griller
494,650,340,37,13.0,0.5,75,1480,51,5.0,3,26.0,10.0,2.0,45.0,Taco Bell,Crispy Chicken Quesadilla
495,540,190,21,6.0,0.0,30,1110,71,7.0,7,16.0,10.0,20.0,30.0,Taco Bell,Crunchwrap Supreme®
496,270,100,11,4.0,0.0,15,650,32,8.0,2,12.0,10.0,20.0,30.0,Taco Bell,Double Tostada
497,580,260,29,9.0,1.0,60,1270,59,8.0,7,23.0,10.0,20.0,30.0,Taco Bell,Express Taco Salad w/ Chips
498,470,200,22,6.0,0.0,25,1120,55,4.0,5,13.0,10.0,20.0,30.0,Taco Bell,Loaded Potato Griller
499,540,270,31,8.0,1.0,40,860,47,7.0,2,20.0,10.0,20.0,30.0,Taco Bell,Mexican Pizza
500,270,130,14,7.0,1.0,40,740,21,3.0,2,14.0,10.0,20.0,30.0,Taco Bell,MexiMelt®
501,440,210,23,10.0,0.5,60,840,36,3.0,3,22.0,15.0,6.0,35.0,Taco Bell,Steak Quesalupa
502,440,200,23,10.0,0.5,60,840,37,3.0,3,22.0,15.0,8.0,35.0,Taco Bell,Chicken Quesalupa
503,460,240,26,11.0,1.0,50,890,38,4.0,3,19.0,15.0,6.0,35.0,Taco Bell,Beef Quesalupa
504,180,70,8,2.5,0.0,25,540,15,2.0,1,12.0,10.0,20.0,30.0,Taco Bell,Shredded Chicken Mini Quesadilla
505,400,180,20,4.0,0.0,25,900,42,3.0,3,15.0,10.0,20.0,30.0,Taco Bell,Spicy Chicken Crunchwrap Slider
506,200,90,10,2.5,0.0,10,440,22,4.0,1,7.0,10.0,20.0,30.0,Taco Bell,Spicy Tostada
507,390,170,18,8.0,0.5,40,1050,39,4.0,3,18.0,8.0,2.0,30.0,Taco Bell,Stacker
508,520,250,28,12.0,1.0,65,1250,41,4.0,3,25.0,10.0,20.0,30.0,Taco Bell,Steak Quesadilla
509,700,270,30,9.0,0.5,45,1550,85,9.0,7,23.0,15.0,6.0,25.0,Taco Bell,Original Triple Double Crunchwrap
510,780,340,38,10.0,0.5,50,1850,87,9.0,8,23.0,20.0,10.0,25.0,Taco Bell,Spicy Triple Double Crunchwrap
511,580,260,29,9.0,1.0,60,1270,59,8.0,7,23.0,10.0,20.0,30.0,Taco Bell,Express Taco Salad w/ Chips
512,780,380,42,10.0,1.0,60,1340,74,11.0,7,26.0,10.0,20.0,30.0,Taco Bell,Fiesta Taco Salad-Beef
513,720,320,35,7.0,0.0,70,1260,70,8.0,8,32.0,10.0,20.0,30.0,Taco Bell,Fiesta Taco Salad-Chicken
514,720,320,36,8.0,1.0,55,1340,70,8.0,8,28.0,10.0,20.0,30.0,Taco Bell,Fiesta Taco Salad-Steak
